{"cameraMode":{"drawMode":0,"name":"Shaded","section":"Shading Mode"},"sceneLighting":true,"audioPlay":false,"sceneViewState":{"showFog":true,"showMaterialUpdate":true,"showSkybox":true,"showFlares":true,"showImageEffects":true,"showParticleSystems":true},"in2DMode":false,"pivot":{"x":75.3270263671875,"y":-78.73432922363281,"z":62.310787200927737},"rotation":{"x":0.3094354271888733,"y":0.32914233207702639,"z":-0.11488494277000427,"w":0.8849343657493591},"size":135.51625061035157,"orthographic":false}